-- =============================================================
-- XRAG 系统测试数据
-- 数据库：PostgreSQL
-- 生成时间：2024-03-10
--
-- 测试账号：
--   admin   / Admin@123456   （系统管理员）
--   doctor1 / Doctor@123456  （放射科医生）
--   qc1     / Qc@123456      （质控人员）
-- =============================================================

-- ============================================================
--  一、用户数据
-- ============================================================
INSERT INTO sys_user (user_id, username, password_hash, real_name, role_id, department, status, created_at, updated_at) VALUES
(1001, 'admin',   '$2b$10$EKDnh9j5FYhJJAE.amnZwuYYSo6eZ8.kURPTAbpV71YotEJk5wrs.', '系统管理员', 3, '信息科',   1, '2024-01-01 08:00:00', '2024-01-01 08:00:00'),
(1002, 'doctor1', '$2b$10$pjZswP07BCtZde7.eJt0iOuyC33sa.TnKGxLCjwZejWQlZVd1QMd2', '张明',       1, '影像科',   1, '2024-01-01 08:00:00', '2024-01-01 08:00:00'),
(1003, 'qc1',     '$2b$10$BEXtALWtk7IA3/L.99f6..JfdaHlNM7t3uSJOhxbPwDrR6JNpNbgO', '李华',       2, '质控部门', 1, '2024-01-01 08:00:00', '2024-01-01 08:00:00');

-- 用户角色关联
INSERT INTO sys_user_role (id, user_id, role_id, created_at) VALUES
(5001, 1001, 3, '2024-01-01 08:00:00'),
(5002, 1002, 1, '2024-01-01 08:00:00'),
(5003, 1003, 2, '2024-01-01 08:00:00');

-- ============================================================
--  二、病例数据（10 个病例，覆盖全部报告状态）
-- ============================================================
INSERT INTO case_info (case_id, exam_no, patient_anon_id, gender, age, exam_time, body_part, department, report_status, is_typical, typical_tags, typical_remark, created_at, updated_at) VALUES
(2001, 'CX-2024-0001', 'PAT-A1B2C3D4', 'M', 45, '2024-03-01 08:30:00', '胸部', '影像科', 'SIGNED',   1, '气胸,经典案例',    '右侧大量气胸典型影像，适合教学',         '2024-03-01 08:30:00', '2024-03-01 10:15:00'),
(2002, 'CX-2024-0002', 'PAT-E5F6G7H8', 'F', 62, '2024-03-02 09:15:00', '胸部', '呼吸科', 'EDITING',  0, NULL,               NULL,                                      '2024-03-02 09:15:00', '2024-03-02 10:30:00'),
(2003, 'CX-2024-0003', 'PAT-I9J0K1L2', 'M', 38, '2024-03-03 10:00:00', '胸部', '影像科', 'AI_DRAFT', 0, NULL,               NULL,                                      '2024-03-03 10:00:00', '2024-03-03 10:02:00'),
(2004, 'CX-2024-0004', 'PAT-M3N4O5P6', 'F', 55, '2024-03-04 11:30:00', '胸部', '急诊科', 'NONE',     0, NULL,               NULL,                                      '2024-03-04 11:30:00', '2024-03-04 11:30:00'),
(2005, 'CX-2024-0005', 'PAT-Q7R8S9T0', 'M', 70, '2024-03-05 08:00:00', '胸部', '影像科', 'SIGNED',   1, '胸腔积液,双侧',    '双侧大量胸腔积液合并心衰，典型案例',      '2024-03-05 08:00:00', '2024-03-05 11:30:00'),
(2006, 'CX-2024-0006', 'PAT-U1V2W3X4', 'M', 32, '2024-03-06 14:20:00', '胸部', '急诊科', 'SIGNED',   0, NULL,               NULL,                                      '2024-03-06 14:20:00', '2024-03-06 16:00:00'),
(2007, 'CX-2024-0007', 'PAT-Y5Z6A7B8', 'F', 48, '2024-03-07 09:45:00', '胸部', '呼吸科', 'NONE',     0, NULL,               NULL,                                      '2024-03-07 09:45:00', '2024-03-07 09:45:00'),
(2008, 'CX-2024-0008', 'PAT-C9D0E1F2', 'M', 59, '2024-03-08 10:30:00', '胸部', '影像科', 'AI_DRAFT', 0, NULL,               NULL,                                      '2024-03-08 10:30:00', '2024-03-08 10:32:00'),
(2009, 'CX-2024-0009', 'PAT-G3H4I5J6', 'F', 41, '2024-03-09 11:00:00', '胸部', '内科',   'EDITING',  0, NULL,               NULL,                                      '2024-03-09 11:00:00', '2024-03-09 11:05:00'),
(2010, 'CX-2024-0010', 'PAT-K7L8M9N0', 'M', 67, '2024-03-10 08:45:00', '胸部', '影像科', 'SIGNED',   1, '肺炎,多叶段',      '双肺广泛多叶段肺炎（老年患者），典型',    '2024-03-10 08:45:00', '2024-03-10 15:20:00');

-- ============================================================
--  三、影像数据（每个病例一张胸正位 PA 影像）
-- ============================================================
INSERT INTO image_info (image_id, case_id, file_path, file_name, file_type, file_size, view_position, img_width, img_height, shoot_time, created_at) VALUES
(3001, 2001, 'xray/2024/03/01/case_2001_pa.jpg', 'chest_pa_001.jpg', 'JPG', 2457600, 'PA', 2048, 2048, '2024-03-01 08:28:00', '2024-03-01 08:31:00'),
(3002, 2002, 'xray/2024/03/02/case_2002_pa.jpg', 'chest_pa_002.jpg', 'JPG', 2621440, 'PA', 2048, 2048, '2024-03-02 09:12:00', '2024-03-02 09:16:00'),
(3003, 2003, 'xray/2024/03/03/case_2003_pa.jpg', 'chest_pa_003.jpg', 'JPG', 2359296, 'PA', 2048, 2048, '2024-03-03 09:58:00', '2024-03-03 10:01:00'),
(3004, 2004, 'xray/2024/03/04/case_2004_pa.jpg', 'chest_pa_004.jpg', 'JPG', 2097152, 'PA', 2048, 2048, '2024-03-04 11:28:00', '2024-03-04 11:29:00'),
(3005, 2005, 'xray/2024/03/05/case_2005_pa.jpg', 'chest_pa_005.jpg', 'JPG', 2883584, 'PA', 2048, 2048, '2024-03-05 07:58:00', '2024-03-05 08:01:00'),
(3006, 2006, 'xray/2024/03/06/case_2006_pa.jpg', 'chest_pa_006.jpg', 'JPG', 2228224, 'PA', 2048, 2048, '2024-03-06 14:18:00', '2024-03-06 14:21:00'),
(3007, 2007, 'xray/2024/03/07/case_2007_pa.jpg', 'chest_pa_007.jpg', 'JPG', 2490368, 'PA', 2048, 2048, '2024-03-07 09:43:00', '2024-03-07 09:44:00'),
(3008, 2008, 'xray/2024/03/08/case_2008_pa.jpg', 'chest_pa_008.jpg', 'JPG', 2621440, 'PA', 2048, 2048, '2024-03-08 10:28:00', '2024-03-08 10:31:00'),
(3009, 2009, 'xray/2024/03/09/case_2009_pa.jpg', 'chest_pa_009.jpg', 'JPG', 2359296, 'PA', 2048, 2048, '2024-03-09 10:58:00', '2024-03-09 11:01:00'),
(3010, 2010, 'xray/2024/03/10/case_2010_pa.jpg', 'chest_pa_010.jpg', 'JPG', 2752512, 'PA', 2048, 2048, '2024-03-10 08:43:00', '2024-03-10 08:46:00');

-- ============================================================
--  四、RAG 检索日志（有影像且触发检索的病例）
-- ============================================================
INSERT INTO retrieval_log (retrieval_id, case_id, query_image_id, retriever_model_id, top_k, similar_case_ids, similarity_scores, all_above_threshold, elapsed_ms, retrieval_time) VALUES
(4001, 2001, 3001, 2, 3, '[2005,2006,2010]', '[0.92,0.88,0.85]', 1, 312, '2024-03-01 08:31:30'),
(4002, 2002, 3002, 2, 3, '[2001,2005,2010]', '[0.90,0.87,0.83]', 1, 287, '2024-03-02 09:16:30'),
(4003, 2005, 3005, 2, 3, '[2001,2010,2006]', '[0.91,0.89,0.84]', 1, 298, '2024-03-05 08:01:30'),
(4004, 2006, 3006, 2, 3, '[2001,2005,2003]', '[0.94,0.88,0.72]', 0, 276, '2024-03-06 14:21:30'),
(4005, 2009, 3009, 2, 3, '[2002,2008,2003]', '[0.86,0.84,0.79]', 0, 334, '2024-03-09 11:01:30'),
(4006, 2010, 3010, 2, 3, '[2005,2001,2006]', '[0.93,0.90,0.86]', 1, 301, '2024-03-10 08:46:30');

-- ============================================================
--  五、报告数据（覆盖 SIGNED / EDITING / AI_DRAFT 三种状态）
-- ============================================================
INSERT INTO report_info (report_id, case_id, report_status, gen_model_id, retrieval_log_id,
  ai_findings, ai_impression, final_findings, final_impression,
  quality_grade, model_confidence, doctor_id, sign_time, ai_generate_time, created_at, updated_at) VALUES

-- 已签发 - 案例2001（右侧大量气胸，典型案例）
(5001, 2001, 'SIGNED', 3, 4001,
  '右侧胸腔见大量气体密度影，右肺组织受压萎陷，压缩约80%。纵隔向左移位。右侧肋膈角消失，膈面模糊不清。',
  '右侧大量气胸伴纵隔移位，建议紧急胸腔闭式引流。',
  '右侧胸腔大量积气，右肺萎陷约80%，纵隔明显左移。右侧肋膈角消失。左肺代偿性过度充气。',
  '右侧大量气胸伴纵隔移位（危急值）：已通知临床，建议立即行胸腔闭式引流术。',
  'A', 0.9231, 1002, '2024-03-01 10:15:00', '2024-03-01 08:32:00', '2024-03-01 08:32:00', '2024-03-01 10:15:00'),

-- 编辑中 - 案例2002（双侧胸腔积液 + 心脏扩大）
(5002, 2002, 'EDITING', 3, 4002,
  '双侧肋膈角变钝，右侧为著。右下肺野见片状高密度影，边缘模糊。心影增大，心胸比约0.58。',
  '双侧胸腔积液（右侧为主），合并右下肺不张或实变，心脏扩大，请结合临床。',
  '双侧胸腔积液，右侧为著。右下肺渗出性改变，考虑合并肺不张可能。心影扩大，心胸比0.58。',
  NULL,
  NULL, 0.8543, NULL, NULL, '2024-03-02 09:17:00', '2024-03-02 09:17:00', '2024-03-02 10:30:00'),

-- AI草稿 - 案例2003（右下肺炎症）
(5003, 2003, 'AI_DRAFT', 3, NULL,
  '双肺纹理增多增粗，右下肺见片状模糊影，密度较淡，边界不清。双侧肋膈角锐利。心影大小形态正常。',
  '右下肺炎症可能，请结合临床及实验室检查。',
  NULL, NULL,
  NULL, 0.7854, NULL, NULL, '2024-03-03 10:02:00', '2024-03-03 10:02:00', '2024-03-03 10:02:00'),

-- 已签发 - 案例2005（双侧大量胸腔积液，典型，危急值）
(5005, 2005, 'SIGNED', 3, 4003,
  '双侧肋膈角消失，双下肺野见弧形液性高密度影，上缘呈弓形，双下肺受压不张。心影向双侧增大，心胸比约0.62。',
  '双侧大量胸腔积液，心脏扩大，请结合临床考虑心力衰竭可能。',
  '双侧大量胸腔积液，双下肺压迫性肺不张。心影显著扩大，心胸比0.62。综合征象考虑心力衰竭，建议超声心动图检查。',
  '双侧大量胸腔积液伴心脏扩大（危急值）：符合心力衰竭影像表现，建议急诊超声心动图。',
  'A', 0.9012, 1002, '2024-03-05 11:30:00', '2024-03-05 08:02:00', '2024-03-05 08:02:00', '2024-03-05 11:30:00'),

-- 已签发 - 案例2006（左侧气胸，中等量，危急值）
(5006, 2006, 'SIGNED', 3, 4004,
  '左侧胸腔见气体密度影，左肺组织受压萎陷，压缩约60%。纵隔轻度右偏。左侧肋膈角变浅。',
  '左侧气胸（中等量），建议急诊胸腔穿刺减压处理。',
  '左侧中等量气胸，左肺萎陷约60%，纵隔轻度右偏。',
  '左侧中等量气胸（危急值）：已通知急诊科，建议立即行胸腔穿刺减压。',
  'B', 0.8765, 1002, '2024-03-06 16:00:00', '2024-03-06 14:22:00', '2024-03-06 14:22:00', '2024-03-06 16:00:00'),

-- AI草稿 - 案例2008（右肺中下叶炎症）
(5008, 2008, 'AI_DRAFT', 3, NULL,
  '右肺中下野见斑片状高密度影，密度不均，边界模糊。双侧肋膈角锐利，心影大小形态正常。气管居中。',
  '右肺中下叶炎症，请结合临床及实验室检查。',
  NULL, NULL,
  NULL, 0.8123, NULL, NULL, '2024-03-08 10:32:00', '2024-03-08 10:32:00', '2024-03-08 10:32:00'),

-- 编辑中 - 案例2009（左下肺大叶性肺炎）
(5009, 2009, 'EDITING', 3, 4005,
  '左肺门影增大，左肺下叶见大片状实变影，密度均匀，支气管充气征阳性。纵隔无移位，肋膈角锐利。',
  '左下肺大叶性肺炎。',
  '左肺下叶大叶性实变，支气管充气征阳性，符合大叶性肺炎。左肺门影增大。',
  NULL,
  NULL, 0.8432, NULL, NULL, '2024-03-09 11:02:00', '2024-03-09 11:02:00', '2024-03-09 11:05:00'),

-- 已签发 - 案例2010（双肺多叶段肺炎，典型）
(5010, 2010, 'SIGNED', 3, 4006,
  '双肺多叶段见大片状高密度影，以右肺为著，密度均匀，边界模糊。双下肺为甚，膈面模糊。',
  '双肺多叶段肺炎（右侧为著），病变广泛，请密切随访。',
  '双肺广泛多叶段肺炎，右肺上中下叶均受累，左肺下叶受累。双下肺膈面模糊，考虑合并少量胸腔积液。',
  '双肺广泛性肺炎（多叶段），老年患者需警惕病情进展及并发症，建议密切监测。',
  'B', 0.8891, 1002, '2024-03-10 15:20:00', '2024-03-10 08:47:00', '2024-03-10 08:47:00', '2024-03-10 15:20:00');

-- ============================================================
--  六、报告修改历史（审核留痕）
-- ============================================================
INSERT INTO report_edit_history (history_id, report_id, editor_id, findings_before, findings_after, impression_before, impression_after, edit_note, edit_time) VALUES
(6001, 5001, 1002,
  '右侧胸腔见气体密度影，肺组织受压萎陷，纵隔向左移位。右侧肋膈角消失。',
  '右侧胸腔大量积气，右肺萎陷约80%，纵隔明显左移。右侧肋膈角消失。左肺代偿性过度充气。',
  '右侧气胸（大量），伴纵隔移位，建议立即胸腔闭式引流。',
  '右侧大量气胸伴纵隔移位（危急值）：已通知临床，建议立即行胸腔闭式引流术。',
  '量化萎陷比例，补充左肺代偿表现，危急值措辞规范化',
  '2024-03-01 09:45:00'),

(6002, 5002, 1002,
  '双侧肋膈角变钝，右侧为著。右下肺野见片状高密度影，边缘模糊。',
  '双侧胸腔积液，右侧为著。右下肺渗出性改变，考虑合并肺不张可能。心影扩大，心胸比0.58。',
  '双侧胸腔积液（右侧为主），合并右下肺不张或实变，心脏扩大，请结合临床。',
  NULL,
  '扩充影像所见，印象暂留空等待进一步检查结果',
  '2024-03-02 10:30:00'),

(6003, 5005, 1002,
  '双侧肋膈角消失，双下肺野见弧形液性高密度影。心影增大。',
  '双侧大量胸腔积液，双下肺压迫性肺不张。心影显著扩大，心胸比0.62。综合征象考虑心力衰竭，建议超声心动图检查。',
  '双侧大量胸腔积液，心脏扩大，请结合临床考虑心力衰竭可能。',
  '双侧大量胸腔积液伴心脏扩大（危急值）：符合心力衰竭影像表现，建议急诊超声心动图。',
  '量化心胸比，增加超声心动图建议，补充危急值标注',
  '2024-03-05 10:15:00'),

(6004, 5010, 1002,
  '双肺多叶段见大片状高密度影，以右肺为著，密度均匀。',
  '双肺广泛多叶段肺炎，右肺上中下叶均受累，左肺下叶受累。双下肺膈面模糊，考虑合并少量胸腔积液。',
  '双肺多叶段肺炎（右侧为著），病变广泛，请密切随访。',
  '双肺广泛性肺炎（多叶段），老年患者需警惕病情进展及并发症，建议密切监测。',
  '详细列举受累肺叶，补充胸腔积液可能，老年高危提示',
  '2024-03-10 14:00:00');

-- ============================================================
--  七、CheXbert 评测结果（已签发报告）
-- ============================================================
INSERT INTO eval_result (eval_id, report_id, model_id, model_version, eval_type,
  ai_labels, ref_labels,
  precision_score, recall_score, f1_score, quality_grade,
  bleu4_score, rouge_l_score, eval_time) VALUES

(7001, 5001, 1, 'v1.0', 'FINAL',
  '{"Atelectasis":0.12,"Cardiomegaly":0.08,"Consolidation":0.15,"Edema":0.05,"Enlarged Cardiomediastinum":0.03,"Fracture":0.02,"Lung Lesion":0.10,"Lung Opacity":0.18,"No Finding":0.01,"Pleural Effusion":0.22,"Pleural Other":0.04,"Pneumonia":0.09,"Pneumothorax":0.95,"Support Devices":0.06}',
  '{"Pneumothorax":1,"No Finding":0,"Pleural Effusion":0}',
  0.8765, 0.9012, 0.8875, 'A', 0.7123, 0.8234,
  '2024-03-01 10:20:00'),

(7002, 5005, 1, 'v1.0', 'FINAL',
  '{"Atelectasis":0.45,"Cardiomegaly":0.78,"Consolidation":0.22,"Edema":0.65,"Enlarged Cardiomediastinum":0.58,"Fracture":0.02,"Lung Lesion":0.08,"Lung Opacity":0.42,"No Finding":0.01,"Pleural Effusion":0.92,"Pleural Other":0.15,"Pneumonia":0.12,"Pneumothorax":0.04,"Support Devices":0.05}',
  '{"Pleural Effusion":1,"Cardiomegaly":1,"Edema":1,"No Finding":0}',
  0.9123, 0.8876, 0.9000, 'A', 0.7456, 0.8567,
  '2024-03-05 11:35:00'),

(7003, 5006, 1, 'v1.0', 'FINAL',
  '{"Atelectasis":0.18,"Cardiomegaly":0.07,"Consolidation":0.12,"Edema":0.04,"Enlarged Cardiomediastinum":0.05,"Fracture":0.03,"Lung Lesion":0.11,"Lung Opacity":0.20,"No Finding":0.02,"Pleural Effusion":0.25,"Pleural Other":0.06,"Pneumonia":0.08,"Pneumothorax":0.82,"Support Devices":0.04}',
  '{"Pneumothorax":1,"No Finding":0}',
  0.8234, 0.8012, 0.8125, 'B', 0.6789, 0.7891,
  '2024-03-06 16:05:00'),

(7004, 5010, 1, 'v1.0', 'FINAL',
  '{"Atelectasis":0.35,"Cardiomegaly":0.15,"Consolidation":0.88,"Edema":0.32,"Enlarged Cardiomediastinum":0.12,"Fracture":0.03,"Lung Lesion":0.45,"Lung Opacity":0.92,"No Finding":0.01,"Pleural Effusion":0.18,"Pleural Other":0.07,"Pneumonia":0.91,"Pneumothorax":0.05,"Support Devices":0.03}',
  '{"Consolidation":1,"Lung Opacity":1,"Pneumonia":1,"No Finding":0}',
  0.8654, 0.8432, 0.8542, 'B', 0.7012, 0.8123,
  '2024-03-10 15:25:00');

-- ============================================================
--  八、危急值预警（气胸 / 胸腔积液 超阈值触发）
-- ============================================================
INSERT INTO critical_alert (alert_id, case_id, report_id, label_type, label_prob, alert_status, responder_id, response_action, response_time, response_note, alert_time) VALUES

-- 案例2001 气胸 0.95 → 已确认
(8001, 2001, 5001, 'Pneumothorax',   0.9500, 'ACKNOWLEDGED', 1002, 'ACKNOWLEDGED',
  '2024-03-01 10:30:00', '已通知胸外科，患者立即送手术室行胸腔闭式引流',
  '2024-03-01 10:16:00'),

-- 案例2005 胸腔积液 0.92 → 已上转
(8002, 2005, 5005, 'Pleural Effusion', 0.9200, 'ESCALATED', 1002, 'ESCALATED',
  '2024-03-05 11:40:00', '已上转心内科会诊，同步通知患者家属',
  '2024-03-05 11:32:00'),

-- 案例2005 心脏肥大 0.78 → 已上转（与胸腔积液同批）
(8003, 2005, 5005, 'Cardiomegaly',   0.7800, 'ESCALATED', 1002, 'ESCALATED',
  '2024-03-05 11:40:00', '心脏扩大联合胸腔积液，高度考虑心力衰竭，已上转',
  '2024-03-05 11:32:00'),

-- 案例2006 气胸 0.82 → 待处理（未响应，用于测试红点提示）
(8004, 2006, 5006, 'Pneumothorax',   0.8200, 'PENDING', NULL, NULL, NULL, NULL,
  '2024-03-06 16:01:00');

-- ============================================================
--  九、术语规范化纠错记录
-- ============================================================
INSERT INTO term_correction (correction_id, report_id, original_term, suggested_term, context_sentence, is_accepted, created_at) VALUES
(9001, 5002, '渗出',   '实变（Consolidation）',          '右下肺见片状渗出影，边界模糊',             1, '2024-03-02 09:20:00'),
(9002, 5002, '积液',   '胸腔积液（Pleural Effusion）',    '双侧肋膈角变钝，考虑积液',                 1, '2024-03-02 09:20:00'),
(9003, 5003, '阴影',   '肺部阴影（Lung Opacity）',        '右下肺见斑片状阴影，密度较淡',             0, '2024-03-03 10:05:00'),
(9004, 5009, '实变',   '大叶性肺炎实变（Consolidation）', '左肺下叶见片状实变影，支气管充气征阳性',   1, '2024-03-09 11:05:00'),
(9005, 5010, '炎症',   '肺炎（Pneumonia）',               '双肺多叶段见大片炎症性改变',               0, '2024-03-10 08:50:00'),
(9006, 5010, '渗出影', '肺部阴影（Lung Opacity）',        '右下肺见大片渗出影，密度均匀',             0, '2024-03-10 08:50:00');

-- ============================================================
--  十、系统操作日志（覆盖各角色常用操作）
-- ============================================================
INSERT INTO sys_operation_log (log_id, user_id, operation_type, target_type, target_id, detail, client_ip, api_path, elapsed_ms, created_at) VALUES
(10001, 1001, 'LOGIN',          NULL,     NULL,   '管理员账号登录',                  '192.168.1.100', '/api/auth/login',                    45,   '2024-01-01 09:00:00'),
(10002, 1001, 'USER_CREATE',    'USER',   '1002', '创建用户 doctor1（医生）',         '192.168.1.100', '/api/users',                         67,   '2024-01-01 09:05:00'),
(10003, 1001, 'USER_CREATE',    'USER',   '1003', '创建用户 qc1（质控）',             '192.168.1.100', '/api/users',                         54,   '2024-01-01 09:10:00'),
(10004, 1001, 'CONFIG_UPDATE',  'CONFIG', '1',    '更新配置 retrieval_top_k → 3',    '192.168.1.100', '/api/config/retrieval_top_k',         43,   '2024-01-02 10:00:00'),
(10005, 1001, 'CONFIG_UPDATE',  'CONFIG', '4',    '更新配置 critical_label_prob → 0.7','192.168.1.100', '/api/config/critical_label_prob',   38,   '2024-01-02 10:05:00'),
(10006, 1002, 'LOGIN',          NULL,     NULL,   '医生账号登录',                    '192.168.1.101', '/api/auth/login',                    42,   '2024-03-01 08:25:00'),
(10007, 1002, 'CASE_VIEW',      'CASE',   '2001', '查看病例 CX-2024-0001',           '192.168.1.101', '/api/cases/2001',                    28,   '2024-03-01 08:29:00'),
(10008, 1002, 'IMAGE_UPLOAD',   'IMAGE',  '3001', '上传影像 chest_pa_001.jpg',       '192.168.1.101', '/api/images/upload',                 356,  '2024-03-01 08:31:00'),
(10009, 1002, 'RETRIEVAL',      'CASE',   '2001', 'RAG检索：Top-3相似病例',          '192.168.1.101', '/api/retrieval/search',              312,  '2024-03-01 08:31:30'),
(10010, 1002, 'REPORT_GENERATE','REPORT', '5001', 'AI报告生成（LLaVA-Med-LoRA）',    '192.168.1.101', '/api/reports/generate',              8234, '2024-03-01 08:32:00'),
(10011, 1002, 'REPORT_EDIT',    'REPORT', '5001', '编辑报告草稿',                    '192.168.1.101', '/api/reports/5001/draft',            56,   '2024-03-01 09:45:00'),
(10012, 1002, 'REPORT_SIGN',    'REPORT', '5001', '签发报告',                        '192.168.1.101', '/api/reports/5001/sign',             78,   '2024-03-01 10:15:00'),
(10013, 1002, 'ALERT_ACK',      'ALERT',  '8001', '确认危急值预警：气胸 95%',        '192.168.1.101', '/api/alerts/8001/respond',           35,   '2024-03-01 10:30:00'),
(10014, 1002, 'TYPICAL_MARK',   'CASE',   '2001', '标记典型病例（气胸,经典案例）',   '192.168.1.101', '/api/cases/2001/typical',            29,   '2024-03-01 10:35:00'),
(10015, 1002, 'LOGIN',          NULL,     NULL,   '医生账号登录',                    '192.168.1.101', '/api/auth/login',                    38,   '2024-03-05 07:55:00'),
(10016, 1002, 'IMAGE_UPLOAD',   'IMAGE',  '3005', '上传影像 chest_pa_005.jpg',       '192.168.1.101', '/api/images/upload',                 298,  '2024-03-05 08:01:00'),
(10017, 1002, 'REPORT_GENERATE','REPORT', '5005', 'AI报告生成（LLaVA-Med-LoRA）',    '192.168.1.101', '/api/reports/generate',              7956, '2024-03-05 08:02:00'),
(10018, 1002, 'REPORT_SIGN',    'REPORT', '5005', '签发报告',                        '192.168.1.101', '/api/reports/5005/sign',             82,   '2024-03-05 11:30:00'),
(10019, 1002, 'ALERT_ACK',      'ALERT',  '8002', '上转危急值：双侧胸腔积液 92%',   '192.168.1.101', '/api/alerts/8002/respond',           41,   '2024-03-05 11:40:00'),
(10020, 1002, 'REPORT_SIGN',    'REPORT', '5006', '签发报告',                        '192.168.1.101', '/api/reports/5006/sign',             75,   '2024-03-06 16:00:00'),
(10021, 1002, 'REPORT_SIGN',    'REPORT', '5010', '签发报告',                        '192.168.1.101', '/api/reports/5010/sign',             88,   '2024-03-10 15:20:00'),
(10022, 1002, 'TYPICAL_MARK',   'CASE',   '2010', '标记典型病例（肺炎,多叶段）',     '192.168.1.101', '/api/cases/2010/typical',            31,   '2024-03-10 15:25:00'),
(10023, 1003, 'LOGIN',          NULL,     NULL,   '质控账号登录',                    '192.168.1.102', '/api/auth/login',                    41,   '2024-03-10 09:00:00'),
(10024, 1003, 'CASE_VIEW',      'CASE',   '2001', '质控查看病例 CX-2024-0001',       '192.168.1.102', '/api/cases/2001',                    33,   '2024-03-10 09:05:00'),
(10025, 1001, 'LOGIN',          NULL,     NULL,   '管理员账号登录',                  '192.168.1.100', '/api/auth/login',                    39,   '2024-03-10 09:30:00'),
(10026, 1001, 'CONFIG_UPDATE',  'CONFIG', '6',    '更新配置 report_f1_grade_a → 0.80','192.168.1.100', '/api/config/report_f1_grade_a',     44,   '2024-03-10 09:35:00');

-- ============================================================
--  数据一致性修复
-- ============================================================

-- 确保 image_annotation 表存在
CREATE TABLE IF NOT EXISTS image_annotation (
    annotation_id  BIGINT        PRIMARY KEY,
    image_id       BIGINT        NOT NULL,
    report_id      BIGINT,
    source         VARCHAR(10)   NOT NULL DEFAULT 'DOCTOR',
    anno_type      VARCHAR(20)   NOT NULL DEFAULT 'RECTANGLE',
    label          VARCHAR(100),
    remark         TEXT,
    x              DECIMAL(7,4)  NOT NULL,
    y              DECIMAL(7,4)  NOT NULL,
    width          DECIMAL(7,4)  NOT NULL,
    height         DECIMAL(7,4)  NOT NULL,
    color          VARCHAR(20),
    confidence     DECIMAL(5,3),
    created_by     BIGINT,
    created_at     TIMESTAMP     DEFAULT CURRENT_TIMESTAMP
);
CREATE INDEX IF NOT EXISTS idx_annotation_image  ON image_annotation(image_id);
CREATE INDEX IF NOT EXISTS idx_annotation_report ON image_annotation(report_id);

-- 确保 case_info.report_status 与 report_info 一致
UPDATE case_info
SET report_status = 'NONE', updated_at = CURRENT_TIMESTAMP
WHERE report_status <> 'NONE'
  AND case_id NOT IN (SELECT case_id FROM report_info);
